location,year,net_wealth
All Denmark,2019,611289
Capital municipalities,2019,614787
Metropolitan municipalities,2019,357030
Provincial municipalities,2019,637419
Commuter municipalities,2019,752423
Rural municipalities,2019,619998
Copenhagen,2019,364425
All Denmark,2022,701429
Capital municipalities,2022,674498
Metropolitan municipalities,2022,409333
Provincial municipalities,2022,738875
Commuter municipalities,2022,880420
Rural municipalities,2022,724881
Copenhagen,2022,400015
